date,start_time,comp,round,dayofweek,venue,result,goals_for,goals_against,opponent,xg_for,xg_against,possession,attendance,captain,formation,referee,match_report,Notes
2017-08-05,15:00 (07:00),Championship,Matchweek 1,Sat,Away,W,1,0,Burton Albion,47,"5,050",Sean Morrison,3-4-1-2,Geoff Eltringham,Match Report,,,
2017-08-08,19:45 (11:45),EFL Cup,First round,Tue,Home,W,2,1,Portsmouth,53,"6,592",Sean Morrison,4-4-2,Steve Martin,Match Report,Required Extra Time,,
2017-08-12,15:00 (07:00),Championship,Matchweek 2,Sat,Home,W,3,0,Aston Villa,35,"23,899",Sean Morrison,4-3-3,Tim Robinson,Match Report,,,
2017-08-15,19:45 (11:45),Championship,Matchweek 3,Tue,Home,W,2,0,Sheffield Utd,40,"17,844",Sean Morrison,4-2-3-1,Lee Mason,Match Report,,,
2017-08-19,15:00 (07:00),Championship,Matchweek 4,Sat,Away,W,2,1,Wolves,36,"27,068",Sean Morrison,4-2-3-1,Scott Duncan,Match Report,,,
2017-08-22,19:45 (11:45),EFL Cup,Second round,Tue,Home,L,1,2,Burton Albion,52,"5,820",Bruno Ecuele Manga,5-3-2,John Busby,Match Report,,,
2017-08-26,15:00 (07:00),Championship,Matchweek 5,Sat,Home,W,2,1,QPR,51,"18,520",Sean Morrison,4-2-3-1,Simon Hooper,Match Report,,,
2017-09-09,15:00 (07:00),Championship,Matchweek 6,Sat,Away,D,1,1,Fulham,36,"20,984",Sean Morrison,4-2-3-1,Tony Harrington,Match Report,,,
2017-09-12,19:45 (11:45),Championship,Matchweek 7,Tue,Away,L,0,3,Preston,46,"10,796",Sean Morrison,4-2-3-1,Oliver Langford,Match Report,,,
2017-09-16,15:00 (07:00),Championship,Matchweek 8,Sat,Home,D,1,1,Sheffield Weds,40,"19,137",Sean Morrison,4-2-3-1,Lee Probert,Match Report,,,
2017-09-23,15:00 (07:00),Championship,Matchweek 9,Sat,Away,W,2,1,Sunderland,48,"25,733",Sean Morrison,4-3-3,Peter Bankes,Match Report,,,
2017-09-26,19:45 (11:45),Championship,Matchweek 10,Tue,Home,W,3,1,Leeds United,41,"27,160",Sean Morrison,4-1-4-1,Kevin Friend,Match Report,,,
2017-09-30,15:00 (07:00),Championship,Matchweek 11,Sat,Home,D,0,0,Derby County,45,"18,480",Sean Morrison,4-1-4-1,James Linington,Match Report,,,
2017-10-13,19:45 (11:45),Championship,Matchweek 12,Fri,Away,L,0,1,Birmingham City,50,"19,059",Sean Morrison,4-1-4-1,Geoff Eltringham,Match Report,,,
2017-10-21,15:00 (07:00),Championship,Matchweek 13,Sat,Away,W,1,0,Middlesbrough,41,"24,806",Sean Morrison,3-4-3,Andy Madley,Match Report,,,
2017-10-28,15:00 (07:00),Championship,Matchweek 14,Sat,Home,D,0,0,Millwall,57,"18,496",Sean Morrison,3-4-3,Steve Martin,Match Report,,,
2017-10-31,19:45 (12:45),Championship,Matchweek 15,Tue,Home,W,3,1,Ipswich Town,42,"15,951",Sean Morrison,4-1-4-1,Oliver Langford,Match Report,,,
2017-11-04,12:00 (05:00),Championship,Matchweek 16,Sat,Away,L,1,2,Bristol City,41,"21,692",Sean Morrison,3-4-3,Mike Jones,Match Report,,,
2017-11-18,15:00 (08:00),Championship,Matchweek 17,Sat,Home,W,2,0,Brentford,30,"16,335",Sean Morrison,4-3-3,Andy Madley,Match Report,,,
2017-11-21,19:45 (12:45),Championship,Matchweek 18,Tue,Away,W,1,0,Barnsley,44,"11,051",Sean Morrison,4-4-1-1,David Coote,Match Report,,,
2017-11-26,13:00 (06:00),Championship,Matchweek 19,Sun,Away,W,2,0,Nott'ham Forest,32,"25,210",Sean Morrison,4-5-1,Peter Bankes,Match Report,,,
2017-12-01,19:45 (12:45),Championship,Matchweek 20,Fri,Home,W,3,1,Norwich City,37,"17,033",Sean Morrison,4-3-3,Andrew Davies,Match Report,,,
2017-12-11,20:00 (13:00),Championship,Matchweek 21,Mon,Away,D,2,2,Reading,48,"16,670",Sean Morrison,3-4-3,Steve Martin,Match Report,,,
2017-12-16,17:30 (10:30),Championship,Matchweek 22,Sat,Home,W,1,0,Hull City,52,"18,049",Sol Bamba,4-3-3,Scott Duncan,Match Report,,,
2017-12-23,15:00 (08:00),Championship,Matchweek 23,Sat,Away,L,0,2,Bolton,51,"15,344",Sol Bamba,4-1-4-1,Darren Bond,Match Report,,,
2017-12-26,15:00 (08:00),Championship,Matchweek 24,Tue,Home,L,2,4,Fulham,47,"21,662",Sol Bamba,4-3-3,Simon Hooper,Match Report,,,
2017-12-29,19:45 (12:45),Championship,Matchweek 25,Fri,Home,L,0,1,Preston,41,"17,751",Sol Bamba,4-3-3,James Linington,Match Report,,,
2018-01-01,15:00 (08:00),Championship,Matchweek 26,Mon,Away,L,1,2,QPR,46,"13,801",Sol Bamba,3-4-1-2,Tim Robinson,Match Report,,,
2018-01-06,15:00 (08:00),FA Cup,Third round,Sat,Home,D,0,0,Mansfield Town,49,"6,378",Sean Morrison,4-3-3,Lee Probert,Match Report,,,
2018-01-13,12:30 (05:30),Championship,Matchweek 27,Sat,Home,W,4,0,Sunderland,47,"17,703",Sean Morrison,4-4-1-1,Andy Madley,Match Report,,,
,,,,,,,,,,,,,,,,,,
2018-01-16,19:45 (12:45),FA Cup,Third round,Tue,Away,W,4,1,Mansfield Town,55,"5,746",Sean Morrison,4-2-3-1,Geoff Eltringham,Match Report,,,
2018-01-20,17:30 (10:30),Championship,Matchweek 28,Sat,Away,D,0,0,Sheffield Weds,50,"23,277",Sean Morrison,3-4-3,Roger East,Match Report,,,
2018-01-28,16:00 (09:00),FA Cup,Fourth round,Sun,Home,L,0,2,Manchester City,23,"32,339",Sean Morrison,4-2-3-1,Lee Mason,Match Report,,,
2018-02-03,15:00 (08:00),Championship,Matchweek 30,Sat,Away,W,4,1,Leeds United,38,"30,534",Sean Morrison,3-4-3,Graham Scott,Match Report,,,
2018-02-09,19:45 (12:45),Championship,Matchweek 31,Fri,Away,D,1,1,Millwall,44,"13,204",Sean Morrison,4-3-3,Keith Stroud,Match Report,,,
2018-02-13,19:45 (12:45),Championship,Matchweek 29,Tue,Home,W,2,0,Bolton,50,"16,013",Sean Morrison,4-3-3,Tim Robinson,Match Report,,,
2018-02-17,15:00 (08:00),Championship,Matchweek 32,Sat,Home,W,1,0,Middlesbrough,50,"18,720",Sean Morrison,4-3-3,Darren Bond,Match Report,,,
2018-02-21,19:45 (12:45),Championship,Matchweek 33,Wed,Away,W,1,0,Ipswich Town,43,"13,205",Sean Morrison,4-3-3,Andrew Davies,Match Report,,,
2018-02-25,12:00 (05:00),Championship,Matchweek 34,Sun,Home,W,1,0,Bristol City,48,"21,018",Sol Bamba,4-3-3,Paul Tierney,Match Report,,,
2018-03-06,19:45 (12:45),Championship,Matchweek 36,Tue,Home,W,2,1,Barnsley,39,"16,176",Sol Bamba,4-3-3,Robert Jones,Match Report,,,
2018-03-10,15:00 (08:00),Championship,Matchweek 37,Sat,Home,W,3,2,Birmingham City,42,"19,634",Sol Bamba,4-3-3,Peter Bankes,Match Report,,,
2018-03-13,19:45 (12:45),Championship,Matchweek 35,Tue,Away,W,3,1,Brentford,33,"8,549",Sean Morrison,4-2-3-1,James Linington,Match Report,,,
2018-03-30,15:00 (07:00),Championship,Matchweek 39,Fri,Home,W,3,1,Burton Albion,43,"21,086",Sean Morrison,4-3-3,Simon Hooper,Match Report,,,
2018-04-02,19:45 (11:45),Championship,Matchweek 40,Mon,Away,D,1,1,Sheffield Utd,42,"25,231",Sean Morrison,4-2-3-1,Michael Oliver,Match Report,,,
2018-04-06,19:45 (11:45),Championship,Matchweek 41,Fri,Home,L,0,1,Wolves,39,"29,317",Sean Morrison,5-3-2,Mike Dean,Match Report,,,
2018-04-10,19:45 (11:45),Championship,Matchweek 42,Tue,Away,L,0,1,Aston Villa,40,"32,560",Sean Morrison,4-3-3,Jeremy Simpson,Match Report,,,
2018-04-14,15:00 (07:00),Championship,Matchweek 43,Sat,Away,W,2,0,Norwich City,34,"25,503",Sean Morrison,4-2-3-1,Tim Robinson,Match Report,,,
2018-04-21,19:45 (11:45),Championship,Matchweek 44,Sat,Home,W,2,1,Nott'ham Forest,43,"21,310",Sean Morrison,4-3-3,Peter Bankes,Match Report,,,
2018-04-24,19:45 (11:45),Championship,Matchweek 38,Tue,Away,L,1,3,Derby County,45,"30,294",Sean Morrison,4-4-1-1,Andy Madley,Match Report,,,
2018-04-28,15:00 (07:00),Championship,Matchweek 45,Sat,Away,W,2,0,Hull City,33,"17,441",Sean Morrison,4-3-3,Andrew Davies,Match Report,,,
2018-05-06,12:30 (04:30),Championship,Matchweek 46,Sun,Home,D,0,0,Reading,54,"32,478",Sean Morrison,4-3-3,Robert Madley,Match Report,,,
2018-08-11,15:00 (07:00),Premier League,Matchweek 1,Sat,Away,L,0,2,Bournemouth,1.4,2.2,37,"10,353",Sean Morrison,4-1-4-1,Kevin Friend,Match Report,
2018-08-18,12:30 (04:30),Premier League,Matchweek 2,Sat,Home,D,0,0,Newcastle Utd,0.9,1.6,51,"30,720",Sean Morrison,4-3-3,Craig Pawson,Match Report,
2018-08-25,15:00 (07:00),Premier League,Matchweek 3,Sat,Away,D,0,0,Huddersfield,0.9,0.2,43,"21,193",Sean Morrison,4-1-4-1,Michael Oliver,Match Report,
2018-08-28,19:45 (11:45),EFL Cup,Second round,Tue,Home,L,1,3,Norwich City,,,51,"6,953",Bruno Ecuele Manga,3-5-2,Andy Madley,Match Report,
2018-09-02,13:30 (05:30),Premier League,Matchweek 4,Sun,Home,L,2,3,Arsenal,1.0,1.7,28,"32,316",Sean Morrison,4-4-2,Anthony Taylor,Match Report,
2018-09-15,15:00 (07:00),Premier League,Matchweek 5,Sat,Away,L,1,4,Chelsea,0.7,2.6,24,"40,499",Sean Morrison,4-4-1-1,Jonathan Moss,Match Report,
2018-09-22,15:00 (07:00),Premier League,Matchweek 6,Sat,Home,L,0,5,Manchester City,0.1,2.5,22,"32,321",Sean Morrison,4-4-1-1,Michael Oliver,Match Report,
2018-09-30,16:00 (08:00),Premier League,Matchweek 7,Sun,Home,L,1,2,Burnley,1.7,0.3,54,"30,411",Sean Morrison,4-4-1-1,Martin Atkinson,Match Report,
2018-10-06,15:00 (07:00),Premier League,Matchweek 8,Sat,Away,L,0,1,Tottenham,1.2,2.0,25,"43,268",Sean Morrison,4-1-4-1,Mike Dean,Match Report,
2018-10-20,15:00 (07:00),Premier League,Matchweek 9,Sat,Home,W,4,2,Fulham,1.5,0.7,41,"29,681",Sean Morrison,4-4-1-1,Kevin Friend,Match Report,
2018-10-27,15:00 (07:00),Premier League,Matchweek 10,Sat,Away,L,1,4,Liverpool,0.8,2.4,22,"53,373",Sean Morrison,4-4-1-1,Stuart Attwell,Match Report,
2018-11-03,15:00 (08:00),Premier League,Matchweek 11,Sat,Home,L,0,1,Leicester City,0.9,2.1,41,"30,877",Sean Morrison,4-4-1-1,Lee Probert,Match Report,
2018-11-10,12:30 (05:30),Premier League,Matchweek 12,Sat,Home,W,2,1,Brighton,2.1,0.5,60,"29,402",Sean Morrison,4-1-4-1,Martin Atkinson,Match Report,
2018-11-24,15:00 (08:00),Premier League,Matchweek 13,Sat,Away,L,0,1,Everton,1.0,2.1,30,"39,139",Sean Morrison,4-1-4-1,Paul Tierney,Match Report,
2018-11-30,20:00 (13:00),Premier League,Matchweek 14,Fri,Home,W,2,1,Wolves,1.0,0.8,48,"30,213",Sean Morrison,3-1-4-2,Andre Marriner,Match Report,
2018-12-04,19:45 (12:45),Premier League,Matchweek 15,Tue,Away,L,1,3,West Ham,2.1,1.7,40,"56,811",Sean Morrison,4-1-4-1,Graham Scott,Match Report,
2018-12-08,15:00 (08:00),Premier League,Matchweek 16,Sat,Home,W,1,0,Southampton,1.5,0.7,37,"30,067",Sean Morrison,4-1-4-1,Jonathan Moss,Match Report,
2018-12-15,15:00 (08:00),Premier League,Matchweek 17,Sat,Away,L,2,3,Watford,0.9,1.4,29,"20,032",Sean Morrison,4-1-4-1,Andy Madley,Match Report,
2018-12-22,17:30 (10:30),Premier League,Matchweek 18,Sat,Home,L,1,5,Manchester Utd,1.4,2.8,27,"33,028",Sean Morrison,4-1-4-1,Michael Oliver,Match Report,
2018-12-26,15:00 (08:00),Premier League,Matchweek 19,Wed,Away,D,0,0,Crystal Palace,0.9,2.1,38,"25,206",Sean Morrison,5-4-1,Lee Probert,Match Report,
2018-12-29,15:00 (08:00),Premier League,Matchweek 20,Sat,Away,W,1,0,Leicester City,0.6,1.8,38,"32,047",Sean Morrison,4-1-4-1,Simon Hooper,Match Report,
2019-01-01,17:30 (10:30),Premier League,Matchweek 21,Tue,Home,L,0,3,Tottenham,0.9,1.1,28,"32,485",Sean Morrison,4-1-4-1,Kevin Friend,Match Report,
2019-01-05,15:00 (08:00),FA Cup,Third round,Sat,Away,L,0,1,Gillingham,,,58,"7,090",Sean Morrison,4-4-2,Tim Robinson,Match Report,
2019-01-12,15:00 (08:00),Premier League,Matchweek 22,Sat,Home,D,0,0,Huddersfield,0.1,0.5,39,"30,725",Sean Morrison,4-1-4-1,Lee Mason,Match Report,
2019-01-19,15:00 (08:00),Premier League,Matchweek 23,Sat,Away,L,0,3,Newcastle Utd,0.3,2.0,46,"49,864",Sol Bamba,4-4-2,Stuart Attwell,Match Report,
2019-01-29,19:45 (12:45),Premier League,Matchweek 24,Tue,Away,L,1,2,Arsenal,0.8,2.6,30,"59,933",Sol Bamba,3-5-2,Mike Dean,Match Report,
2019-02-02,17:30 (10:30),Premier League,Matchweek 25,Sat,Home,W,2,0,Bournemouth,2.1,0.5,27,"31,939",Sol Bamba,4-1-4-1,Jonathan Moss,Match Report,
2019-02-09,15:00 (08:00),Premier League,Matchweek 26,Sat,Away,W,2,1,Southampton,0.8,1.5,34,"31,438",Sol Bamba,3-4-1-2,Martin Atkinson,Match Report,
2019-02-22,19:45 (12:45),Premier League,Matchweek 27,Fri,Home,L,1,5,Watford,2.0,2.1,37,"30,387",Sean Morrison,3-4-3,Simon Hooper,Match Report,
2019-02-26,19:45 (12:45),Premier League,Matchweek 28,Tue,Home,L,0,3,Everton,0.3,1.0,34,"31,849",Sean Morrison,4-4-1-1,Kevin Friend,Match Report,
,,,,,,,,,,,,,,,,,,
2019-03-02,15:00 (08:00),Premier League,Matchweek 29,Sat,Away,L,0,2,Wolves,0.6,2.8,44,"31,309",Sean Morrison,4-1-2-1-2◆,Andre Marriner,Match Report,
2019-03-09,15:00 (08:00),Premier League,Matchweek 30,Sat,Home,W,2,0,West Ham,3.5,0.3,30,"32,458",Sean Morrison,4-2-3-1,Graham Scott,Match Report,
2019-03-31,14:05 (06:05),Premier League,Matchweek 32,Sun,Home,L,1,2,Chelsea,0.5,1.8,30,"32,657",Sean Morrison,4-2-3-1,Craig Pawson,Match Report,
2019-04-03,19:45 (11:45),Premier League,Matchweek 33,Wed,Away,L,0,2,Manchester City,0.1,3.2,21,"53,559",Sean Morrison,4-4-1-1,Jonathan Moss,Match Report,
2019-04-13,15:00 (07:00),Premier League,Matchweek 34,Sat,Away,L,0,2,Burnley,0.9,2.6,53,"21,480",Sean Morrison,4-2-3-1,Mike Dean,Match Report,
2019-04-16,19:45 (11:45),Premier League,Matchweek 31,Tue,Away,W,2,0,Brighton,0.9,0.6,36,"30,226",Sean Morrison,4-2-3-1,Andre Marriner,Match Report,
2019-04-21,16:00 (08:00),Premier League,Matchweek 35,Sun,Home,L,0,2,Liverpool,1.1,3.0,25,"33,082",Sean Morrison,4-1-4-1,Martin Atkinson,Match Report,
2019-04-27,15:00 (07:00),Premier League,Matchweek 36,Sat,Away,L,0,1,Fulham,1.1,0.5,29,"23,822",Sean Morrison,4-2-3-1,Chris Kavanagh,Match Report,
2019-05-04,17:30 (09:30),Premier League,Matchweek 37,Sat,Home,L,2,3,Crystal Palace,1.9,1.6,40,"32,133",Sean Morrison,4-4-1-1,Michael Oliver,Match Report,
2019-05-12,15:00 (07:00),Premier League,Matchweek 38,Sun,Away,W,2,0,Manchester Utd,1.6,1.5,27,"74,457",Sean Morrison,4-4-1-1,Jonathan Moss,Match Report,
2019-08-03,15:00 (07:00),Championship,Matchweek 1,Sat,Away,L,2,3,Wigan Athletic,1.2,1.9,44,"12,169",Sean Morrison,4-2-3-1,David Webb,Match Report,
2019-08-10,15:00 (07:00),Championship,Matchweek 2,Sat,Home,W,2,1,Luton Town,2.1,0.6,39,"24,724",Sean Morrison,4-2-3-1,Darren Bond,Match Report,
2019-08-18,12:00 (04:00),Championship,Matchweek 3,Sun,Away,L,0,3,Reading,0.7,2.3,48,"14,252",Sean Morrison,4-2-3-1,Andrew Davies,Match Report,
2019-08-21,19:45 (11:45),Championship,Matchweek 4,Wed,Home,W,2,1,Huddersfield,1.8,0.7,40,"21,821",Sean Morrison,4-2-3-1,Jarred Gillett,Match Report,
2019-08-24,15:00 (07:00),Championship,Matchweek 5,Sat,Away,D,0,0,Blackburn,0.7,0.9,40,"13,291",Sean Morrison,4-2-3-1,David Coote,Match Report,
2019-08-27,19:45 (11:45),EFL Cup,Second round,Tue,Home,L,0,3,Luton Town,,,30,"4,111",Aden Flint,4-4-2,Tony Harrington,Match Report,
2019-08-30,19:45 (11:45),Championship,Matchweek 6,Fri,Home,D,1,1,Fulham,0.5,1.3,32,"22,631",Sean Morrison,4-2-3-1,Tim Robinson,Match Report,
2019-09-13,19:45 (11:45),Championship,Matchweek 7,Fri,Away,D,1,1,Derby County,1.8,1.4,37,"25,873",Sean Morrison,4-2-3-1,Darren England,Match Report,
2019-09-21,15:00 (07:00),Championship,Matchweek 8,Sat,Home,W,1,0,Middlesbrough,0.9,0.8,45,"23,141",Sean Morrison,4-2-3-1,Darren Bond,Match Report,
2019-09-28,15:00 (07:00),Championship,Matchweek 9,Sat,Away,D,2,2,Hull City,1.3,0.7,52,"10,756",Sean Morrison,4-3-3,Jarred Gillett,Match Report,
2019-10-02,19:45 (11:45),Championship,Matchweek 10,Wed,Home,W,3,0,QPR,1.8,0.7,30,"21,387",Sean Morrison,4-2-3-1,Matt Donohue,Match Report,
2019-10-05,15:00 (07:00),Championship,Matchweek 11,Sat,Away,L,2,4,West Brom,1.4,1.8,35,"25,140",Sean Morrison,4-2-3-1,John Brooks,Match Report,
2019-10-18,19:45 (11:45),Championship,Matchweek 12,Fri,Home,D,1,1,Sheffield Weds,0.7,1.0,49,"22,486",Sean Morrison,4-3-3,Keith Stroud,Match Report,
2019-10-22,19:45 (11:45),Championship,Matchweek 13,Tue,Away,D,2,2,Millwall,1.5,0.7,47,"11,769",Sean Morrison,4-2-3-1,Tim Robinson,Match Report,
2019-10-27,12:00 (05:00),Championship,Matchweek 14,Sun,Away,L,0,1,Swansea City,0.8,1.1,44,"20,270",Sean Morrison,4-4-2,Robert Jones,Match Report,
2019-11-02,15:00 (08:00),Championship,Matchweek 15,Sat,Home,W,4,2,Birmingham City,3.1,2.6,35,"23,778",Marlon Pack,4-3-3,Andy Madley,Match Report,
2019-11-10,12:00 (05:00),Championship,Matchweek 16,Sun,Home,L,0,1,Bristol City,0.8,0.5,53,"23,846",Marlon Pack,4-2-3-1,Tony Harrington,Match Report,
2019-11-23,12:30 (05:30),Championship,Matchweek 17,Sat,Away,D,2,2,Charlton Ath,2.3,1.6,42,"16,011",Marlon Pack,4-2-3-1,Darren Bond,Match Report,
2019-11-26,19:45 (12:45),Championship,Matchweek 18,Tue,Home,W,1,0,Stoke City,0.8,0.8,34,"20,884",Marlon Pack,4-2-3-1,Gavin Ward,Match Report,
2019-11-30,15:00 (08:00),Championship,Matchweek 19,Sat,Away,W,1,0,Nott'ham Forest,1.0,1.5,32,"28,209",Marlon Pack,4-2-3-1,Robert Jones,Match Report,
2019-12-07,15:00 (08:00),Championship,Matchweek 20,Sat,Home,W,3,2,Barnsley,1.1,0.9,49,"21,380",Marlon Pack,4-2-3-1,Paul Tierney,Match Report,
2019-12-11,19:45 (12:45),Championship,Matchweek 21,Wed,Away,L,1,2,Brentford,0.4,1.7,39,"10,417",Marlon Pack,4-2-3-1,John Brooks,Match Report,
2019-12-14,15:00 (08:00),Championship,Matchweek 22,Sat,Away,D,3,3,Leeds United,1.2,3.8,31,"34,552",Sean Morrison,4-4-2,Tony Harrington,Match Report,
2019-12-21,12:30 (05:30),Championship,Matchweek 23,Sat,Home,D,0,0,Preston,0.1,0.8,44,"22,625",Marlon Pack,4-2-3-1,Jeremy Simpson,Match Report,
2019-12-26,15:00 (08:00),Championship,Matchweek 24,Thu,Home,D,1,1,Millwall,1.2,0.3,52,"23,583",Marlon Pack,4-2-3-1,David Webb,Match Report,
2019-12-29,15:00 (08:00),Championship,Matchweek 25,Sun,Away,W,2,1,Sheffield Weds,1.1,1.3,36,"25,385",Marlon Pack,4-2-3-1,Tim Robinson,Match Report,
2020-01-01,15:00 (08:00),Championship,Matchweek 26,Wed,Away,L,1,6,QPR,1.5,2.8,45,"12,355",Marlon Pack,5-4-1,Darren England,Match Report,
2020-01-04,15:01 (08:01),FA Cup,Third round,Sat,Home,D,2,2,Carlisle United,,,64,"5,282",Sean Morrison,4-2-3-1,Geoff Eltringham,Match Report,
2020-01-12,12:00 (05:00),Championship,Matchweek 27,Sun,Home,D,0,0,Swansea City,1.5,0.6,50,"28,529",Sean Morrison,4-2-3-1,Tony Harrington,Match Report,
2020-01-15,19:45 (12:45),FA Cup,Third round,Wed,Away,W,4,3,Carlisle United,,,59,"4,381",Sol Bamba,4-2-3-1,Darren Handley,Match Report,
,,,,,,,,,,,,,,,,,,
2020-01-18,15:00 (08:00),Championship,Matchweek 28,Sat,Away,D,1,1,Birmingham City,0.6,2.0,51,"20,482",Sean Morrison,4-2-3-1,Andrew Davies,Match Report,
2020-01-25,15:00 (08:00),FA Cup,Fourth round,Sat,Away,D,1,1,Reading,,,48,"12,798",Sol Bamba,4-3-3,Marc Edwards,Match Report,
2020-01-28,19:45 (12:45),Championship,Matchweek 29,Tue,Home,W,2,1,West Brom,1.1,2.5,32,"22,516",Sean Morrison,4-2-3-1,Robert Jones,Match Report,
2020-01-31,19:45 (12:45),Championship,Matchweek 30,Fri,Home,D,1,1,Reading,1.8,0.7,55,"22,518",Sean Morrison,4-2-3-1,Simon Hooper,Match Report,
2020-02-04,19:45 (12:45),FA Cup,Fourth round,Tue,Home,D,3 (1),3 (4),Reading,,,52,"4,832",Marlon Pack,4-2-3-1,Gavin Ward,Match Report,Reading won replayed match on penalty kicks following extra time
2020-02-08,15:00 (08:00),Championship,Matchweek 31,Sat,Away,W,1,0,Luton Town,0.8,1.0,44,"10,041",Sean Morrison,4-2-3-1,James Linington,Match Report,
2020-02-12,19:45 (12:45),Championship,Matchweek 32,Wed,Away,W,3,0,Huddersfield,1.4,1.0,34,"20,238",Sean Morrison,4-2-3-1,Darren England,Match Report,
2020-02-15,15:00 (08:00),Championship,Matchweek 33,Sat,Home,D,2,2,Wigan Athletic,1.7,1.5,37,"21,287",Sean Morrison,4-2-3-1,John Brooks,Match Report,
2020-02-22,15:00 (08:00),Championship,Matchweek 34,Sat,Away,L,0,2,Stoke City,0.5,1.3,53,"25,436",Sean Morrison,4-2-3-1,Dean Whitestone,Match Report,
2020-02-25,19:45 (12:45),Championship,Matchweek 35,Tue,Home,L,0,1,Nott'ham Forest,0.9,1.1,50,"21,273",Sean Morrison,4-2-3-1,Steve Martin,Match Report,
2020-02-29,15:00 (08:00),Championship,Matchweek 36,Sat,Home,D,2,2,Brentford,1.3,1.0,35,"22,393",Sean Morrison,4-3-3,Simon Hooper,Match Report,
2020-03-07,15:00 (08:00),Championship,Matchweek 37,Sat,Away,W,2,0,Barnsley,1.7,0.3,46,"12,751",Sean Morrison,4-3-3,James Linington,Match Report,
2020-06-21,12:00 (04:00),Championship,Matchweek 38,Sun,Home,W,2,0,Leeds United,0.3,2.0,31,,Sean Morrison,4-3-3,Andy Woolmer,Match Report,
2020-06-27,12:30 (04:30),Championship,Matchweek 39,Sat,Away,W,3,1,Preston,1.3,1.4,50,,Sean Morrison,4-2-3-1,Oliver Langford,Match Report,
2020-06-30,18:00 (10:00),Championship,Matchweek 40,Tue,Home,D,0,0,Charlton Ath,1.1,0.4,59,,Sean Morrison,4-3-3,Steve Martin,Match Report,
2020-07-04,15:00 (07:00),Championship,Matchweek 41,Sat,Away,W,1,0,Bristol City,1.1,0.8,50,,Sean Morrison,4-2-3-1,Tim Robinson,Match Report,
2020-07-07,19:45 (11:45),Championship,Matchweek 42,Tue,Home,L,2,3,Blackburn,1.2,2.2,48,,Sean Morrison,4-2-3-1,Matt Donohue,Match Report,
2020-07-10,20:15 (12:15),Championship,Matchweek 43,Fri,Away,L,0,2,Fulham,1.0,2.9,42,,Sean Morrison,4-2-3-1,Gavin Ward,Match Report,
2020-07-14,19:45 (11:45),Championship,Matchweek 44,Tue,Home,W,2,1,Derby County,2.3,0.8,40,,Sean Morrison,4-2-3-1,Darren Bond,Match Report,
2020-07-18,15:00 (07:00),Championship,Matchweek 45,Sat,Away,W,3,1,Middlesbrough,1.7,0.6,55,,Sean Morrison,4-2-3-1,Jeremy Simpson,Match Report,
2020-07-22,19:30 (11:30),Championship,Matchweek 46,Wed,Home,W,3,0,Hull City,1.5,0.9,51,,Sean Morrison,4-2-3-1,James Linington,Match Report,
2020-07-27,19:45 (11:45),Championship,Semi-finals,Mon,Home,L,0,2,Fulham,0.2,1.3,38,,Sean Morrison,4-2-3-1,Geoff Eltringham,Match Report,Leg 1 of 2
2020-07-30,19:45 (11:45),Championship,Semi-finals,Thu,Away,W,2,1,Fulham,1.9,1.0,41,,Sean Morrison,4-2-3-1,Paul Tierney,Match Report,Leg 2 of 2; Fulham won
2020-09-05,15:00 (07:00),EFL Cup,First round,Sat,Away,L,0,3,Northampton,,,58,,Sean Morrison,4-2-3-1,Darren Drysdale,Match Report,
2020-09-12,15:00 (07:00),Championship,Matchweek 1,Sat,Home,L,0,2,Sheffield Weds,0.7,1.2,61,,Sean Morrison,4-2-3-1,Andy Madley,Match Report,
2020-09-19,12:30 (04:30),Championship,Matchweek 2,Sat,Away,W,2,0,Nott'ham Forest,1.6,2.0,42,,Sean Morrison,4-2-3-1,James Linington,Match Report,
2020-09-26,15:00 (07:00),Championship,Matchweek 3,Sat,Home,L,1,2,Reading,1.2,0.7,52,,Sean Morrison,4-2-3-1,David Webb,Match Report,
2020-10-03,15:00 (07:00),Championship,Matchweek 4,Sat,Away,D,0,0,Blackburn,0.7,2.0,40,,Sean Morrison,4-2-3-1,Darren Bond,Match Report,
2020-10-18,12:00 (04:00),Championship,Matchweek 5,Sun,Away,W,1,0,Preston,0.5,0.3,44,,Sean Morrison,4-2-3-1,Keith Stroud,Match Report,
2020-10-21,19:45 (11:45),Championship,Matchweek 6,Wed,Home,D,1,1,Bournemouth,0.7,2.3,34,,Sean Morrison,4-2-3-1,Simon Hooper,Match Report,
2020-10-24,15:00 (07:00),Championship,Matchweek 7,Sat,Home,D,1,1,Middlesbrough,1.6,0.4,58,,Sean Morrison,4-2-3-1,John Brooks,Match Report,
2020-10-28,19:45 (12:45),Championship,Matchweek 8,Wed,Away,D,1,1,Derby County,1.2,0.7,55,,Sean Morrison,4-2-3-1,Oliver Langford,Match Report,
2020-10-31,15:00 (08:00),Championship,Matchweek 9,Sat,Away,L,2,3,QPR,2.4,1.7,53,,Sean Morrison,4-2-3-1,Andy Woolmer,Match Report,
2020-11-03,19:45 (12:45),Championship,Matchweek 10,Tue,Home,W,3,0,Barnsley,2.7,0.5,50,,Sean Morrison,4-4-2,Dean Whitestone,Match Report,
2020-11-06,18:00 (11:00),Championship,Matchweek 11,Fri,Home,L,0,1,Bristol City,1.2,0.8,55,,Sean Morrison,4-2-3-1,David Webb,Match Report,
2020-11-21,15:00 (08:00),Championship,Matchweek 12,Sat,Away,D,1,1,Millwall,1.5,1.2,58,,Sean Morrison,4-4-2,Graham Scott,Match Report,
2020-11-25,19:45 (12:45),Championship,Matchweek 13,Wed,Away,L,0,1,Coventry City,0.4,0.8,51,,Sean Morrison,4-4-2,Jeremy Simpson,Match Report,
2020-11-28,15:00 (08:00),Championship,Matchweek 14,Sat,Home,W,4,0,Luton Town,2.6,0.2,39,,Sean Morrison,4-4-2,Joshua Smith,Match Report,
2020-12-01,19:00 (12:00),Championship,Matchweek 15,Tue,Home,W,3,0,Huddersfield,2.1,0.6,34,,Sean Morrison,4-4-2,Kevin Friend,Match Report,
2020-12-05,15:00 (08:00),Championship,Matchweek 16,Sat,Away,W,1,0,Watford,0.5,0.9,36,"1,973",Sean Morrison,4-4-2,Steve Martin,Match Report,
2020-12-08,19:45 (12:45),Championship,Matchweek 17,Tue,Away,W,2,1,Stoke City,0.8,1.0,51,,Sean Morrison,4-4-2,Tony Harrington,Match Report,
2020-12-12,12:30 (05:30),Championship,Matchweek 18,Sat,Home,L,0,2,Swansea City,0.6,1.1,42,,Sean Morrison,4-4-2,John Brooks,Match Report,
2020-12-16,19:00 (12:00),Championship,Matchweek 19,Wed,Home,W,3,2,Birmingham City,3.0,0.7,55,,Sean Morrison,4-2-3-1,Michael Salisbury,Match Report,
2020-12-19,12:30 (05:30),Championship,Matchweek 20,Sat,Away,L,0,2,Norwich City,0.9,1.1,39,"2,000",Sean Morrison,4-4-2,Tim Robinson,Match Report,
2020-12-26,15:00 (08:00),Championship,Matchweek 21,Sat,Home,L,2,3,Brentford,0.2,0.8,41,,Sean Morrison,4-2-3-1,Dean Whitestone,Match Report,
2020-12-29,19:45 (12:45),Championship,Matchweek 22,Tue,Away,L,1,2,Wycombe,1.5,1.2,65,,Sean Morrison,4-4-2,Leigh Doughty,Match Report,
2021-01-09,12:00 (05:00),FA Cup,Third round proper,Sat,Away,L,0,1,Nott'ham Forest,,,61,,Marlon Pack,4-2-3-1,David Webb,Match Report,
2021-01-16,15:00 (08:00),Championship,Matchweek 24,Sat,Home,L,1,2,Norwich City,0.5,1.9,46,,Marlon Pack,4-3-3,Tony Harrington,Match Report,
2021-01-20,19:00 (12:00),Championship,Matchweek 25,Wed,Home,L,0,1,QPR,1.0,0.9,50,,Sean Morrison,4-3-3,Darren Bond,Match Report,
2021-01-27,19:00 (12:00),Championship,Matchweek 26,Wed,Away,D,2,2,Barnsley,0.8,1.0,50,,Joe Ralls,4-2-3-1,Andy Woolmer,Match Report,
2021-01-30,15:00 (08:00),Championship,Matchweek 27,Sat,Home,D,1,1,Millwall,2.3,1.1,57,,Sean Morrison,3-5-2,Matt Donohue,Match Report,
2021-02-06,15:00 (08:00),Championship,Matchweek 28,Sat,Away,W,2,0,Bristol City,1.2,0.3,39,,Sean Morrison,3-4-1-2,Jarred Gillett,Match Report,
2021-02-09,19:00 (12:00),Championship,Matchweek 23,Tue,Away,W,2,1,Rotherham Utd,1.7,1.5,46,,Sean Morrison,3-4-1-2,Geoff Eltringham,Match Report,
2021-02-13,15:00 (08:00),Championship,Matchweek 29,Sat,Home,W,3,1,Coventry City,1.1,1.8,36,,Sean Morrison,3-4-1-2,James Linington,Match Report,
2021-02-16,20:15 (13:15),Championship,Matchweek 30,Tue,Away,W,2,0,Luton Town,0.4,1.1,37,,Sean Morrison,3-4-1-2,Tim Robinson,Match Report,
2021-02-20,15:00 (08:00),Championship,Matchweek 31,Sat,Home,W,4,0,Preston,2.8,2.0,36,,Sean Morrison,3-4-1-2,Jeremy Simpson,Match Report,
2021-02-24,19:45 (12:45),Championship,Matchweek 32,Wed,Away,W,2,1,Bournemouth,1.9,1.8,31,,Sean Morrison,3-4-1-2,Gavin Ward,Match Report,
2021-02-27,15:00 (08:00),Championship,Matchweek 33,Sat,Away,D,1,1,Middlesbrough,0.2,1.4,39,,Sean Morrison,3-4-1-2,Jarred Gillett,Match Report,
,,,,,,,,,,,,,,,,,,
2021-03-02,19:00 (12:00),Championship,Matchweek 34,Tue,Home,W,4,0,Derby County,2.1,0.4,29,,Sean Morrison,3-4-3,Dean Whitestone,Match Report,
2021-03-05,19:45 (12:45),Championship,Matchweek 35,Fri,Away,D,0,0,Huddersfield,0.5,2.0,43,,Sean Morrison,3-4-3,Tim Robinson,Match Report,
2021-03-13,15:00 (08:00),Championship,Matchweek 36,Sat,Home,L,1,2,Watford,0.5,0.9,35,,Sean Morrison,3-4-1-2,Keith Stroud,Match Report,
2021-03-16,19:00 (12:00),Championship,Matchweek 37,Tue,Home,D,0,0,Stoke City,0.9,1.3,48,,Sean Morrison,3-4-3,Graham Scott,Match Report,
2021-03-20,17:30 (10:30),Championship,Matchweek 38,Sat,Away,W,1,0,Swansea City,0.8,1.3,26,,Sean Morrison,3-4-3,Paul Tierney,Match Report,
2021-04-02,15:00 (07:00),Championship,Matchweek 39,Fri,Home,L,0,1,Nott'ham Forest,1.3,0.4,52,,Aden Flint,3-4-3,Gavin Ward,Match Report,
2021-04-05,17:30 (09:30),Championship,Matchweek 40,Mon,Away,L,0,5,Sheffield Weds,1.7,1.9,46,,Aden Flint,3-4-3,David Webb,Match Report,
2021-04-10,15:00 (07:00),Championship,Matchweek 41,Sat,Home,D,2,2,Blackburn,1.7,2.3,37,,Aden Flint,3-4-1-2,Jeremy Simpson,Match Report,
2021-04-16,18:00 (10:00),Championship,Matchweek 42,Fri,Away,D,1,1,Reading,1.6,0.9,34,,Aden Flint,3-4-3,John Brooks,Match Report,
2021-04-20,18:00 (10:00),Championship,Matchweek 43,Tue,Away,D,1,1,Brentford,2.0,1.9,36,,Aden Flint,3-4-3,Darren England,Match Report,
2021-04-24,15:00 (07:00),Championship,Matchweek 44,Sat,Home,W,2,1,Wycombe,0.5,1.5,55,,Sean Morrison,3-4-3,Matt Donohue,Match Report,
2021-05-01,15:00 (07:00),Championship,Matchweek 45,Sat,Away,W,4,0,Birmingham City,1.3,0.7,42,,Aden Flint,3-4-3,Andrew Davies,Match Report,
2021-05-08,12:30 (04:30),Championship,Matchweek 46,Sat,Home,D,1,1,Rotherham Utd,0.4,1.6,61,,Aden Flint,3-4-3,Graham Scott,Match Report,
2021-08-07,15:00 (07:00),Championship,Matchweek 1,Sat,Home,D,1,1,Barnsley,1.8,0.6,45,"17,431",Aden Flint,3-4-3,Steve Martin,Match Report,
2021-08-10,19:00 (11:00),EFL Cup,First round,Tue,Home,W,3,2,Sutton United,,,59,"3,500",Sean Morrison,3-4-3,Joshua Smith,Match Report,
2021-08-14,15:00 (07:00),Championship,Matchweek 2,Sat,Away,W,2,0,Blackpool,3.1,0.7,38,"11,393",Sean Morrison,3-4-3,Andy Woolmer,Match Report,
2021-08-17,19:45 (11:45),Championship,Matchweek 3,Tue,Away,D,2,2,P'borough Utd,1.6,1.2,44,"8,534",Sean Morrison,3-4-3,Thomas Bramall,Match Report,
2021-08-21,15:00 (07:00),Championship,Matchweek 4,Sat,Home,W,3,1,Millwall,2.9,1.6,51,"18,168",Sean Morrison,3-4-3,James Linington,Match Report,
2021-08-24,19:45 (11:45),EFL Cup,Second round,Tue,Home,L,0,2,Brighton,,,46,"6,013",Sean Morrison,5-3-2,James Bell,Match Report,
2021-08-28,12:30 (04:30),Championship,Matchweek 5,Sat,Home,L,1,2,Bristol City,1.1,0.7,61,"20,891",Sean Morrison,5-4-1,David Webb,Match Report,
2021-09-12,14:30 (06:30),Championship,Matchweek 6,Sun,Away,W,2,1,Nott'ham Forest,1.6,1.0,47,"24,153",Sean Morrison,4-1-3-2,Dean Whitestone,Match Report,
2021-09-15,19:45 (11:45),Championship,Matchweek 7,Wed,Away,L,0,1,Coventry City,0.8,0.9,49,"16,372",Sean Morrison,5-4-1,Michael Salisbury,Match Report,
2021-09-18,15:00 (07:00),Championship,Matchweek 8,Sat,Home,L,0,1,Bournemouth,0.6,1.2,37,"19,090",Sean Morrison,5-4-1,Joshua Smith,Match Report,
2021-09-25,15:00 (07:00),Championship,Matchweek 9,Sat,Away,L,1,5,Blackburn,0.9,3.2,61,"11,670",Sean Morrison,3-4-3,Keith Stroud,Match Report,
2021-09-28,19:45 (11:45),Championship,Matchweek 10,Tue,Home,L,0,4,West Brom,0.4,0.9,41,"17,363",Sean Morrison,3-4-1-2,Graham Scott,Match Report,
2021-10-02,15:00 (07:00),Championship,Matchweek 11,Sat,Home,L,0,1,Reading,2.6,0.2,50,"18,400",Aden Flint,4-2-3-1,Thomas Bramall,Match Report,
2021-10-17,12:00 (04:00),Championship,Matchweek 12,Sun,Away,L,0,3,Swansea City,1.2,2.5,27,"19,288",Sean Morrison,5-4-1,James Linington,Match Report,
2021-10-20,19:45 (11:45),Championship,Matchweek 13,Wed,Away,L,0,2,Fulham,1.2,2.5,34,"15,789",Aden Flint,4-2-3-1,Tim Robinson,Match Report,
2021-10-23,12:30 (04:30),Championship,Matchweek 14,Sat,Home,L,0,2,Middlesbrough,0.9,2.8,51,"17,513",Aden Flint,4-2-3-1,Jeremy Simpson,Match Report,
2021-10-30,15:00 (07:00),Championship,Matchweek 15,Sat,Away,D,3,3,Stoke City,1.2,0.9,41,"21,413",Sean Morrison,3-4-3,John Brooks,Match Report,
2021-11-03,19:45 (12:45),Championship,Matchweek 16,Wed,Home,L,0,1,QPR,0.5,1.0,53,"16,882",Sean Morrison,3-4-3,Andy Woolmer,Match Report,
2021-11-06,15:00 (08:00),Championship,Matchweek 17,Sat,Home,W,2,1,Huddersfield,1.0,1.9,57,"17,355",Joe Ralls,3-4-3,David Webb,Match Report,
2021-11-20,15:00 (08:00),Championship,Matchweek 18,Sat,Away,W,2,1,Preston,2.4,1.1,44,"10,749",Marlon Pack,3-4-3,Leigh Doughty,Match Report,
2021-11-24,19:45 (12:45),Championship,Matchweek 19,Wed,Home,L,0,1,Hull City,1.1,1.6,62,"17,180",Marlon Pack,3-4-3,Thomas Bramall,Match Report,
2021-11-27,15:00 (08:00),Championship,Matchweek 20,Sat,Away,W,2,1,Luton Town,1.8,1.2,43,"9,987",Sean Morrison,3-4-3,Oliver Langford,Match Report,
2021-12-04,15:00 (08:00),Championship,Matchweek 21,Sat,Home,L,2,3,Sheffield Utd,0.9,2.9,38,"18,310",Sean Morrison,3-4-3,John Busby,Match Report,
2021-12-11,15:00 (08:00),Championship,Matchweek 22,Sat,Away,D,2,2,Birmingham City,1.8,2.2,58,"17,840",Joe Ralls,3-4-3,Jeremy Simpson,Match Report,
2021-12-30,19:45 (12:45),Championship,Matchweek 25,Thu,Away,L,0,3,Bournemouth,0.8,3.2,29,"8,942",Joe Ralls,3-4-3,James Linington,Match Report,
2022-01-02,14:00 (07:00),Championship,Matchweek 26,Sun,Away,D,1,1,West Brom,0.3,1.1,46,"22,925",Joe Ralls,3-5-2,Thomas Bramall,Match Report,
2022-01-09,14:00 (07:00),FA Cup,Third round proper,Sun,Home,W,2,1,Preston,,,52,,Sean Morrison,3-4-3,Simon Hooper,Match Report,Required Extra Time
2022-01-15,12:30 (05:30),Championship,Matchweek 27,Sat,Home,L,0,1,Blackburn,0.8,0.1,66,,Joe Ralls,5-3-2,Matt Donohue,Match Report,
2022-01-22,12:30 (05:30),Championship,Matchweek 28,Sat,Away,L,2,3,Bristol City,1.2,2.1,52,"21,435",Joe Ralls,3-5-2,Gavin Ward,Match Report,
2022-01-30,16:00 (09:00),Championship,Matchweek 29,Sun,Home,W,2,1,Nott'ham Forest,1.5,0.6,32,"18,866",Sean Morrison,5-3-2,David Webb,Match Report,
2022-02-02,19:45 (12:45),Championship,Matchweek 30,Wed,Away,W,1,0,Barnsley,0.5,0.7,40,"11,432",Sean Morrison,5-3-2,Geoff Eltringham,Match Report,
2022-02-06,12:00 (05:00),FA Cup,Fourth round proper,Sun,Away,L,1,3,Liverpool,,,20,"51,268",Aden Flint,3-5-2,Andy Madley,Match Report,
2022-02-09,19:45 (12:45),Championship,Matchweek 31,Wed,Home,W,4,0,P'borough Utd,2.4,0.4,32,"17,297",Joe Ralls,5-3-2,Kevin Friend,Match Report,
2022-02-12,15:00 (08:00),Championship,Matchweek 32,Sat,Away,L,1,2,Millwall,2.0,1.3,38,"12,710",Joe Ralls,5-3-2,Steve Martin,Match Report,
2022-02-15,19:45 (12:45),Championship,Matchweek 24,Tue,Home,W,2,0,Coventry City,0.7,1.1,36,"18,660",Aden Flint,5-3-2,John Busby,Match Report,
,,,,,,,,,,,,,,,,,,
2022-02-19,15:00 (08:00),Championship,Matchweek 33,Sat,Home,D,1,1,Blackpool,1.6,0.6,55,"19,025",Aden Flint,5-3-2,Darren Bond,Match Report,
2022-02-23,19:45 (12:45),Championship,Matchweek 34,Wed,Away,L,1,2,Huddersfield,1.1,0.9,26,"20,167",Aden Flint,5-3-2,Oliver Langford,Match Report,
2022-02-26,15:00 (08:00),Championship,Matchweek 35,Sat,Home,L,0,1,Fulham,0.6,1.0,35,"18,928",Joe Ralls,5-3-2,Leigh Doughty,Match Report,
2022-03-01,19:45 (12:45),Championship,Matchweek 23,Tue,Home,W,1,0,Derby County,1.1,0.9,36,"18,767",Joe Ralls,5-3-2,Andrew Davies,Match Report,
2022-03-05,15:00 (08:00),Championship,Matchweek 36,Sat,Away,W,2,1,QPR,0.8,1.7,29,"16,170",Joe Ralls,3-5-2,Michael Salisbury,Match Report,
2022-03-12,15:00 (08:00),Championship,Matchweek 37,Sat,Home,D,0,0,Preston,0.5,1.1,43,"19,743",Joe Ralls,5-3-2,James Linington,Match Report,
2022-03-16,19:45 (12:45),Championship,Matchweek 38,Wed,Home,W,2,1,Stoke City,1.8,0.8,41,"17,184",Joe Ralls,5-3-2,Andy Woolmer,Match Report,
2022-04-02,15:00 (07:00),Championship,Matchweek 40,Sat,Home,L,0,4,Swansea City,0.6,1.7,42,"27,280",Joe Ralls,5-3-2,Joshua Smith,Match Report,
2022-04-09,15:00 (07:00),Championship,Matchweek 41,Sat,Away,W,2,1,Reading,1.1,1.0,57,"19,039",Joe Ralls,4-2-3-1,Michael Salisbury,Match Report,
2022-04-15,15:00 (07:00),Championship,Matchweek 42,Fri,Away,L,1,2,Hull City,1.9,1.9,55,"15,685",Aden Flint,3-4-3,Steve Martin,Match Report,
2022-04-18,15:00 (07:00),Championship,Matchweek 43,Mon,Home,L,0,1,Luton Town,1.3,0.6,62,"19,381",Curtis Nelson,4-2-3-1,Andrew Davies,Match Report,
2022-04-23,15:00 (07:00),Championship,Matchweek 44,Sat,Away,L,0,1,Sheffield Utd,0.6,1.0,45,"26,802",Joe Ralls,3-4-1-2,Oliver Langford,Match Report,
2022-04-27,19:45 (11:45),Championship,Matchweek 39,Wed,Away,L,0,2,Middlesbrough,1.0,1.3,54,"19,727",Curtis Nelson,4-3-1-2,Matt Donohue,Match Report,
2022-04-30,15:00 (07:00),Championship,Matchweek 45,Sat,Home,D,1,1,Birmingham City,1.7,0.7,63,"21,395",Curtis Nelson,5-3-2,John Busby,Match Report,
2022-05-07,12:30 (04:30),Championship,Matchweek 46,Sat,Away,W,1,0,Derby County,0.9,1.1,32,"29,402",Aden Flint,5-3-2,Keith Stroud,Match Report,
2022-07-30,15:00 (07:00),Championship,Matchweek 1,Sat,Home,W,1,0,Norwich City,0.1,0.3,45,"19,969",Ryan Wintle,4-2-3-1,Tim Robinson,Match Report,
2022-08-06,15:00 (07:00),Championship,Matchweek 2,Sat,Away,L,1,2,Reading,0.5,1.4,60,"13,866",Ryan Wintle,4-2-3-1,Darren England,Match Report,
2022-08-09,19:45 (11:45),EFL Cup,First round,Tue,Home,L,0,3,Portsmouth,,,67,"2,490",Joe Ralls,4-2-3-1,Lee Swabey,Match Report,
2022-08-13,12:30 (04:30),Championship,Matchweek 3,Sat,Home,W,1,0,Birmingham City,2.6,0.1,57,"18,893",Ryan Wintle,4-2-3-1,Darren Bond,Match Report,
2022-08-17,20:00 (12:00),Championship,Matchweek 4,Wed,Away,D,0,0,West Brom,0.3,0.9,45,"21,820",Joe Ralls,4-2-3-1,Andy Madley,Match Report,
2022-08-21,12:00 (04:00),Championship,Matchweek 5,Sun,Away,L,0,2,Bristol City,0.7,1.5,55,"21,649",Ryan Wintle,4-3-3,Thomas Bramall,Match Report,
2022-08-27,15:00 (07:00),Championship,Matchweek 6,Sat,Home,D,0,0,Preston,1.1,0.2,59,"17,922",Joe Ralls,4-2-3-1,Andy Woolmer,Match Report,
2022-08-30,19:45 (11:45),Championship,Matchweek 7,Tue,Home,L,1,2,Luton Town,1.5,1.7,64,"7,202",Joe Ralls,4-3-3,James Linington,Match Report,
2022-09-03,15:00 (07:00),Championship,Matchweek 8,Sat,Away,L,0,2,Millwall,1.1,1.1,55,"13,010",Ryan Wintle,4-3-3,Jeremy Simpson,Match Report,
2022-09-13,19:45 (11:45),Championship,Matchweek 10,Tue,Away,W,3,2,Middlesbrough,0.8,0.9,33,"22,124",Joe Ralls,5-3-2,Darren Bond,Match Report,
2022-09-17,15:00 (07:00),Championship,Matchweek 11,Sat,Away,L,0,1,Huddersfield,1.1,0.9,66,"19,193",Ryan Wintle,5-4-1,Dean Whitestone,Match Report,
2022-10-01,15:00 (07:00),Championship,Matchweek 12,Sat,Home,D,1,1,Burnley,0.8,0.9,42,"18,508",Joe Ralls,4-4-2,Gavin Ward,Match Report,
2022-10-04,20:00 (12:00),Championship,Matchweek 13,Tue,Home,W,1,0,Blackburn,0.8,1.1,46,"16,150",Ryan Wintle,4-1-4-1,John Brooks,Match Report,
2022-10-08,15:00 (07:00),Championship,Matchweek 14,Sat,Away,W,3,1,Wigan Athletic,1.4,0.9,39,"10,340",Joe Ralls,4-3-3,James Bell,Match Report,
2022-10-15,15:00 (07:00),Championship,Matchweek 15,Sat,Home,L,0,1,Coventry City,0.7,1.9,53,"19,861",Joe Ralls,4-3-3,Robert Madley,Match Report,
2022-10-19,19:45 (11:45),Championship,Matchweek 16,Wed,Away,L,0,3,QPR,0.1,2.5,31,"12,805",Ryan Wintle,5-3-2,James Linington,Match Report,
2022-10-23,12:00 (04:00),Championship,Matchweek 17,Sun,Away,L,0,2,Swansea City,0.2,1.5,19,"19,814",Joe Ralls,4-3-3,Darren Bond,Match Report,
2022-10-29,15:00 (07:00),Championship,Matchweek 18,Sat,Home,W,1,0,Rotherham Utd,2.0,0.1,62,"17,395",Joe Ralls,4-3-3,Oliver Langford,Match Report,
2022-11-02,19:45 (12:45),Championship,Matchweek 19,Wed,Home,L,1,2,Watford,0.9,1.0,53,"17,036",Joe Ralls,4-3-3,Keith Stroud,Match Report,
2022-11-05,15:00 (08:00),Championship,Matchweek 20,Sat,Away,W,1,0,Sunderland,1.9,0.7,40,"27,015",Joe Ralls,4-2-3-1,Andrew Davies,Match Report,
2022-11-08,19:45 (12:45),Championship,Matchweek 9,Tue,Home,L,2,3,Hull City,0.8,1.6,45,"16,387",Joe Ralls,4-2-3-1,James Bell,Match Report,
2022-11-12,15:00 (08:00),Championship,Matchweek 21,Sat,Home,L,0,1,Sheffield Utd,0.9,0.9,50,"18,700",Joe Ralls,4-2-3-1,Matt Donohue,Match Report,
2022-12-10,15:00 (08:00),Championship,Matchweek 22,Sat,Away,D,2,2,Stoke City,0.7,0.8,56,"20,111",Joe Ralls,4-3-3,Andy Woolmer,Match Report,
2022-12-17,15:00 (08:00),Championship,Matchweek 23,Sat,Home,D,1,1,Blackpool,1.5,0.5,55,"17,544",Joe Ralls,4-2-3-1,Joshua Smith,Match Report,
2022-12-26,17:15 (10:15),Championship,Matchweek 24,Mon,Home,D,0,0,QPR,0.9,0.4,47,"18,549",Joe Ralls,4-2-3-1,Keith Stroud,Match Report,
2022-12-29,19:45 (12:45),Championship,Matchweek 25,Thu,Away,D,0,0,Coventry City,0.2,1.0,42,"21,421",Joe Ralls,4-2-3-1,Anthony Backhouse,Match Report,
2023-01-01,12:00 (05:00),Championship,Matchweek 26,Sun,Away,L,0,1,Blackburn,0.4,0.8,46,"12,499",Joe Ralls,4-2-3-1,Thomas Bramall,Match Report,
2023-01-08,14:00 (07:00),FA Cup,Third round proper,Sun,Home,D,2,2,Leeds United,,,27,"20,324",Curtis Nelson,4-1-4-1,Jarred Gillett,Match Report,
2023-01-14,15:00 (08:00),Championship,Matchweek 27,Sat,Home,D,1,1,Wigan Athletic,1.0,2.0,58,"18,041",Joe Ralls,4-2-3-1,Jeremy Simpson,Match Report,
2023-01-18,19:45 (12:45),FA Cup,Third round proper,Wed,Away,L,2,5,Leeds United,,,48,"34,465",Curtis Nelson,4-1-4-1,Thomas Bramall,Match Report,
,,,,,,,,,,,,,,,,,,
2023-01-21,15:00 (08:00),Championship,Matchweek 28,Sat,Home,L,0,1,Millwall,1.3,1.4,59,"18,838",Ryan Wintle,4-2-3-1,Leigh Doughty,Match Report,
2023-01-31,19:45 (12:45),Championship,Matchweek 29,Tue,Away,L,0,1,Luton Town,0.5,2.0,38,"9,031",Joe Ralls,4-3-3,Geoff Eltringham,Match Report,
2023-02-04,15:00 (08:00),Championship,Matchweek 30,Sat,Away,L,0,1,Hull City,1.6,0.9,45,"16,584",Ryan Wintle,4-4-1-1,David Webb,Match Report,
2023-02-11,15:00 (08:00),Championship,Matchweek 31,Sat,Home,L,1,3,Middlesbrough,1.7,1.8,38,"19,182",Joe Ralls,4-4-2,John Busby,Match Report,
2023-02-14,19:45 (12:45),Championship,Matchweek 32,Tue,Away,W,2,0,Birmingham City,1.1,0.4,50,"14,369",Ryan Wintle,5-3-2,Gavin Ward,Match Report,
2023-02-17,20:00 (13:00),Championship,Matchweek 33,Fri,Home,W,1,0,Reading,1.1,0.4,63,"18,879",Ryan Wintle,4-3-1-2,Darren Bond,Match Report,
2023-02-25,15:00 (08:00),Championship,Matchweek 34,Sat,Away,L,0,2,Norwich City,0.6,1.7,36,"25,417",Joe Ralls,5-4-1,James Linington,Match Report,
2023-03-04,12:30 (05:30),Championship,Matchweek 35,Sat,Home,W,2,0,Bristol City,0.6,0.9,38,"22,156",Joe Ralls,3-5-2,Matt Donohue,Match Report,
2023-03-11,15:00 (08:00),Championship,Matchweek 36,Sat,Away,L,0,2,Preston,0.7,2.0,49,"14,295",Ryan Wintle,3-5-2,David Webb,Match Report,
2023-03-15,19:45 (12:45),Championship,Matchweek 37,Wed,Home,D,1,1,West Brom,0.6,0.8,44,"17,785",Ryan Wintle,4-4-2,Leigh Doughty,Match Report,
2023-04-01,15:00 (07:00),Championship,Matchweek 39,Sat,Home,L,2,3,Swansea City,1.2,1.7,41,"28,232",Joe Ralls,3-5-2,Keith Stroud,Match Report,
2023-04-07,15:00 (07:00),Championship,Matchweek 40,Fri,Away,W,3,1,Blackpool,2.1,1.2,38,"13,462",Joe Ralls,3-4-1-2,Joshua Smith,Match Report,
2023-04-10,15:00 (07:00),Championship,Matchweek 41,Mon,Home,L,0,1,Sunderland,1.3,2.0,33,"23,365",Ryan Wintle,4-4-2,Thomas Bramall,Match Report,
2023-04-15,12:30 (04:30),Championship,Matchweek 42,Sat,Away,L,1,4,Sheffield Utd,1.6,3.0,45,"27,768",Joe Ralls,3-4-3,David Webb,Match Report,
2023-04-19,19:45 (11:45),Championship,Matchweek 43,Wed,Away,W,3,1,Watford,1.6,2.4,27,"17,005",Joe Ralls,5-3-2,Jarred Gillett,Match Report,
2023-04-22,15:00 (07:00),Championship,Matchweek 44,Sat,Home,D,1,1,Stoke City,1.3,0.4,36,"20,058",Joe Ralls,5-3-2,Andrew Davies,Match Report,
2023-04-27,20:00 (12:00),Championship,Matchweek 38,Thu,Away,W,2,1,Rotherham Utd,2.1,0.9,53,"10,219",Joe Ralls,3-4-1-2,Oliver Langford,Match Report,
2023-04-30,12:00 (04:00),Championship,Matchweek 45,Sun,Home,L,1,2,Huddersfield,0.8,2.4,58,"26,804",Joe Ralls,3-4-3,Michael Salisbury,Match Report,
2023-05-08,15:00 (07:00),Championship,Matchweek 46,Mon,Away,L,0,3,Burnley,0.6,2.2,30,"21,594",Ryan Wintle,4-2-3-1,Matt Donohue,Match Report,
2023-08-06,14:30 (06:30),Championship,Matchweek 1,Sun,Away,D,2,2,Leeds United,1.2,1.7,29,"36,368",Joe Ralls,3-4-3,Joshua Smith,Match Report,
2023-08-09,19:45 (11:45),EFL Cup,First round,Wed,Home,D,2 (3),2 (0),Colchester Utd,,,61,"5,158",Jak Alnwick,4-2-3-1,Will Finnie,Match Report,Cardiff City won on penalty kicks following normal time
2023-08-12,15:00 (07:00),Championship,Matchweek 2,Sat,Home,L,1,2,QPR,2.0,1.3,64,"21,230",Aaron Ramsey,4-2-3-1,Oliver Langford,Match Report,
2023-08-19,15:00 (07:00),Championship,Matchweek 3,Sat,Away,L,1,2,Leicester City,1.1,0.7,35,"31,595",Joe Ralls,4-2-3-1,Graham Scott,Match Report,
2023-08-26,15:00 (07:00),Championship,Matchweek 4,Sat,Home,W,2,1,Sheffield Weds,1.9,0.8,58,"21,058",Joe Ralls,4-2-3-1,Darren Bond,Match Report,
2023-08-29,19:45 (11:45),EFL Cup,Second round,Tue,Away,W,3,1,Birmingham City,,,71,"11,405",Ryan Wintle,5-3-2,Leigh Doughty,Match Report,
2023-09-02,15:00 (07:00),Championship,Matchweek 5,Sat,Away,L,2,3,Ipswich Town,2.1,2.7,44,"28,011",Joe Ralls,4-2-3-1,Gavin Ward,Match Report,
2023-09-16,19:45 (11:45),Championship,Matchweek 6,Sat,Home,W,2,0,Swansea City,1.5,0.6,49,"28,648",Aaron Ramsey,4-2-3-1,Samuel Barrott,Match Report,
2023-09-19,19:45 (11:45),Championship,Matchweek 7,Tue,Home,W,3,2,Coventry City,0.6,0.9,36,"18,297",Joe Ralls,4-3-3,Samuel Allison,Match Report,
2023-09-24,15:00 (07:00),Championship,Matchweek 8,Sun,Away,W,1,0,Sunderland,1.7,1.2,35,"41,581",Joe Ralls,4-3-3,Steve Martin,Match Report,
2023-09-27,19:45 (11:45),EFL Cup,Third round,Wed,Away,L,2,5,Blackburn,,,43,"5,371",Romaine Sawyers,3-4-3,Andrew Kitchen,Match Report,
2023-09-30,15:00 (07:00),Championship,Matchweek 9,Sat,Home,W,2,0,Rotherham Utd,1.2,0.6,67,"20,136",Joe Ralls,4-3-3,Leigh Doughty,Match Report,
2023-10-03,19:45 (11:45),Championship,Matchweek 10,Tue,Away,L,0,2,Middlesbrough,0.6,2.2,39,"24,276",Joe Ralls,4-3-3,Andy Madley,Match Report,
2023-10-07,15:00 (07:00),Championship,Matchweek 11,Sat,Home,D,1,1,Watford,0.7,2.0,44,"19,804",Joe Ralls,4-3-3,Gavin Ward,Match Report,
2023-10-21,15:00 (07:00),Championship,Matchweek 12,Sat,Away,L,0,1,Blackburn,0.7,1.1,39,"13,572",Joe Ralls,4-1-4-1,Robert Madley,Match Report,
2023-10-24,19:45 (11:45),Championship,Matchweek 13,Tue,Away,W,4,0,Huddersfield,1.4,1.6,44,"16,780",Joe Ralls,4-2-3-1,Anthony Backhouse,Match Report,
2023-10-28,15:00 (07:00),Championship,Matchweek 14,Sat,Home,W,2,0,Bristol City,1.0,0.8,50,"25,803",Joe Ralls,4-2-3-1,Darren England,Match Report,
2023-11-04,15:00 (08:00),Championship,Matchweek 15,Sat,Away,D,0,0,Stoke City,0.4,0.4,41,"23,089",Joe Ralls,4-2-3-1,Oliver Langford,Match Report,
2023-11-11,15:00 (08:00),Championship,Matchweek 16,Sat,Home,L,2,3,Norwich City,1.3,3.4,46,"21,271",Joe Ralls,4-2-3-1,Rebecca Welch,Match Report,
2023-11-25,15:00 (08:00),Championship,Matchweek 17,Sat,Away,W,2,1,Preston,0.8,0.5,65,"14,593",Joe Ralls,4-2-3-1,Robert Madley,Match Report,
2023-11-28,19:45 (12:45),Championship,Matchweek 18,Tue,Home,L,0,1,West Brom,0.5,1.2,44,"18,248",Joe Ralls,4-2-3-1,Joshua Smith,Match Report,
2023-12-02,15:00 (08:00),Championship,Matchweek 19,Sat,Away,L,0,2,Southampton,0.8,2.5,36,"28,659",Ryan Wintle,4-2-3-1,James Bell,Match Report,
2023-12-09,15:00 (08:00),Championship,Matchweek 20,Sat,Home,W,1,0,Millwall,0.8,1.5,48,"19,426",Ryan Wintle,4-2-3-1,Andrew Kitchen,Match Report,
2023-12-13,19:45 (12:45),Championship,Matchweek 21,Wed,Home,L,0,1,Birmingham City,1.0,1.9,55,"17,669",Ryan Wintle,4-2-3-1,Stephen Martin,Match Report,
2023-12-16,15:00 (08:00),Championship,Matchweek 22,Sat,Away,L,0,3,Hull City,0.7,1.9,44,"20,352",Perry Ng,4-2-3-1,Keith Stroud,Match Report,
2023-12-23,15:00 (08:00),Championship,Matchweek 23,Sat,Away,W,2,1,Sheffield Weds,0.7,0.8,42,"26,009",Joe Ralls,4-2-3-1,Samuel Barrott,Match Report,
2023-12-26,15:00 (08:00),Championship,Matchweek 24,Tue,Home,D,2,2,Plymouth Argyle,1.2,1.2,50,"23,583",Joe Ralls,4-2-3-1,Andrew Davies,Match Report,
2023-12-29,19:45 (12:45),Championship,Matchweek 25,Fri,Home,L,0,2,Leicester City,0.4,1.7,37,"24,656",Joe Ralls,4-3-3,John Busby,Match Report,
2024-01-01,15:00 (08:00),Championship,Matchweek 26,Mon,Away,,,,QPR,,,,,,,,Head-to-Head,
2024-01-06,17:30 (10:30),FA Cup,Third round proper,Sat,Away,,,,Sheffield Weds,,,,,,,,Head-to-Head,
,,,,,,,,,,,,,,,,,,
2024-01-13,15:00 (08:00),Championship,Matchweek 27,Sat,Home,,,,Leeds United,,,,,,,,Head-to-Head,
2024-01-20,15:00 (08:00),Championship,Matchweek 28,Sat,Away,,,,Plymouth Argyle,,,,,,,,Head-to-Head,
2024-01-27,15:00 (08:00),Championship,Matchweek 29,Sat,Home,,,,Blackburn,,,,,,,,Head-to-Head,
2024-02-03,15:00 (08:00),Championship,Matchweek 30,Sat,Away,,,,Watford,,,,,,,,Head-to-Head,
2024-02-10,15:00 (08:00),Championship,Matchweek 31,Sat,Home,,,,Preston,,,,,,,,Head-to-Head,
2024-02-14,20:00 (13:00),Championship,Matchweek 32,Wed,Away,,,,West Brom,,,,,,,,Head-to-Head,
2024-02-17,15:00 (08:00),Championship,Matchweek 33,Sat,Away,,,,Norwich City,,,,,,,,Head-to-Head,
2024-02-24,15:00 (08:00),Championship,Matchweek 34,Sat,Home,,,,Stoke City,,,,,,,,Head-to-Head,
2024-03-02,15:00 (08:00),Championship,Matchweek 35,Sat,Away,,,,Bristol City,,,,,,,,Head-to-Head,
2024-03-06,19:45 (12:45),Championship,Matchweek 36,Wed,Home,,,,Huddersfield,,,,,,,,Head-to-Head,
2024-03-09,15:00 (08:00),Championship,Matchweek 37,Sat,Home,,,,Ipswich Town,,,,,,,,Head-to-Head,
2024-03-16,15:00 (08:00),Championship,Matchweek 38,Sat,Away,,,,Swansea City,,,,,,,,Head-to-Head,
2024-03-29,15:00 (08:00),Championship,Matchweek 39,Fri,Home,,,,Sunderland,,,,,,,,Head-to-Head,
2024-04-01,15:00 (07:00),Championship,Matchweek 40,Mon,Away,,,,Coventry City,,,,,,,,Head-to-Head,
2024-04-06,15:00 (07:00),Championship,Matchweek 41,Sat,Home,,,,Hull City,,,,,,,,Head-to-Head,
2024-04-10,19:45 (11:45),Championship,Matchweek 42,Wed,Away,,,,Birmingham City,,,,,,,,Head-to-Head,
2024-04-13,15:00 (07:00),Championship,Matchweek 43,Sat,Away,,,,Millwall,,,,,,,,Head-to-Head,
2024-04-20,15:00 (07:00),Championship,Matchweek 44,Sat,Home,,,,Southampton,,,,,,,,Head-to-Head,
2024-04-27,15:00 (07:00),Championship,Matchweek 45,Sat,Home,,,,Middlesbrough,,,,,,,,Head-to-Head,
2024-05-04,15:00 (07:00),Championship,Matchweek 46,Sat,Away,,,,Rotherham Utd,,,,,,,,Head-to-Head,
